zip,utility
30318,
30318,
30240,
30064,
31774,
30290,
30677,
30305,
30094,
30141,
30548,
31088,
30286,
30116,
30305,
30308,
30075,
31324,
30434,
31082,
30523,
30168,
30607,
30030,
30041,
30022,
30022,
30308,
31808,
31093,
30204,
31763,
30546,
30214,
30143,
30817,
30127,
30228,
31553,
30605,
30559,
32021,
30327,
31721,
30830,
30521,
30453,
31405,
30030,
31012,
30710,
30721,
31021,
30638,
30168,
30328,
30533,
30097,
31092,
30204,
30318,
30281,
30056,
30143,
30033,
30030,
30513,
30350,
30055,
31220,
31792,
30075,
31061,
30068,
30327,
30802,
30559,
30327,
30306,
31328,
30215,
30075,
31632,
30214,
31406,
30002,
30308,
30738,
30233,
31021,
30331,
30215,
30040,
30601,
30318,
30117,
31005,
30512,
30738,
30817,
30736,
30327,
30016,
30214,
30173,
30033,
30512,
30606,
31012,
30224,
30143,
30030,
30802,
30575,
30240,
31533,
30055,
30533,
30525,
30650,
30213,
30650,
30269,
30041,
30338,
30303,
30004,
30513,
30241,
30606,
30022,
30064,
30606,
30540,
30145,
30513,
30506,
30183,
30546,
30188,
30560,
30650,
30536,
30041,
30269,
30066,
30075,
30075,
30628,
31036,
30720,
31406,
30024,
30531,
30621,
30707,
31206,
30269,
30536,
30022,
30329,
30306,
30318,
30204,
31405,
30102,
30813,
30327,
30540,
30076,
31201,
31216,
30582,
30152,
30531,
30650,
30607,
30135,
30458,
30041,
30041,
30041,
30030,
30312,
30605,
30004,
39897,
30071,
30701,
31071,
30513,
31410,
30319,
30075,
30607,
31050,
30677,
30015,
30015,
30143,
30680,
39813,
31569,
31019,
31328,
30015,
30014,
30014,
30076,
30307,
30041,
30276,
30312,
30024,
30316,
30720,
30180,
30076,
31632,
30680,
30047,
30513,
39824,
31411,
30546,
31833,
30291,
30531,
31088,
30705,
31216,
31329,
31329,
30082,
30512,
31404,
30004,
30506,
30307,
30257,
30054,
30075,
30022,
31055,
30248,
31329,
30062,
30621,
30307,
30350,
30728,
30277,
30327,
30701,
30268,
30004,
30305,
30650,
30318,
30218,
30016,
30656,
30125,
31092,
30040,
30546,
30457,
30062,
31030,
30736,
30342,
30540,
30705,
30005,
30677,
30677,
30144,
30002,
30303,
30305,
30024,
30075,
30525,
30041,
31632,
30736,
39837,
30531,
30736,
30313,
30721,
30809,
30281,
30327,
31019,
30143,
30213,
30286,
30062,
31533,
30324,
30512,
31791,
31634,
30523,
30102,
30009,
31730,
30520,
30161,
30507,
30188,
30312,
30680,
30309,
30666,
30680,
31092,
30559,
30677,
31406,
30277,
30342,
30721,
30662,
30185,
30030,
31632,
31523,
30014,
31329,
30004,
30075,
30528,
31021,
30656,
30506,
31405,
30313,
30313,
31009,
30546,
30546,
31328,
30005,
30555,
30144,
31092,
31071,
30110,
30168,
30738,
30738,
30738,
30004,
30545,
30004,
30534,
30269,
30269,
30064,
30241,
39897,
30114,
30058,
31021,
30062,
31350,
30223,
31791,
30547,
30513,
30134,
30318,
30622,
30635,
31410,
30005,
31778,
30040,
30560,
31015,
30558,
30721,
30461,
30188,
30520,
30075,
30701,
30218,
30107,
30041,
30024,
30115,
31415,
30039,
31312,
30214,
31064,
30014,
30014,
30132,
31029,
31601,
30240,
30240,
30305,
31768,
30240,
31015,
30062,
30518,
31036,
30116,
31302,
30028,
31419,
30215,
30024,
31032,
30315,
31503,
31405,
30213,
30513,
30312,
30655,
30034,
30512,
30269,
30540,
30650,
30016,
30078,
30605,
30101,
30721,
30223,
30677,
30241,
31326,
30635,
30024,
31021,
30328,
31303,
30188,
30028,
30188,
30153,
30022,
30655,
30820,
30213,
31906,
31024,
30650,
30213,
30327,
30328,
30060,
30519,
31216,
30040,
30127,
30281,
30635,
30269,
30533,
30605,
30607,
30310,
30215,
30316,
30345,
31021,
30643,
31410,
31808,
30064,
30043,
31088,
31064,
30309,
30559,
30041,
30601,
30115,
30040,
30316,
30318,
30161,
30328,
30067,
30107,
30290,
30680,
30721,
30650,
30233,
30115,
30294,
30288,
31047,
31012,
31027,
39845,
30144,
30338,
30305,
30024,
31757,
31768,
30052,
31709,
30605,
30513,
30143,
31322,
30605,
30033,
30213,
30542,
30622,
30512,
30512,
30309,
31639,
30606,
30340,
31326,
30513,
30734,
30012,
31216,
30606,
30677,
31029,
30143,
30522,
30015,
30327,
30043,
31405,
30317,
30214,
30054,
30216,
31021,
30909,
31909,
30512,
30153,
30813,
30134,
30135,
30043,
30506,
31061,
31032,
31312,
30342,
30564,
30184,
30701,
31329,
31329,
30740,
31569,
30730,
30605,
30188,
31632,
30233,
30102,
31642,
31326,
30075,
30005,
30075,
31793,
31794,
31793,
31092,
30062,
30327,
30152,
30566,
30327,
30650,
31546,
31701,
31763,
30317,
31302,
30566,
30005,
30650,
30064,
30566,
30566,
30566,
30566,
30064,
31201,
30721,
30240,
30240,
30188,
30755,
30506,
30067,
30307,
30030,
30705,
30024,
30540,
31548,
30144,
30540,
30461,
30342,
30040,
30721,
30501,
30701,
30655,
31024,
30338,
30328,
30319,
30906,
30629,
30064,
30728,
30253,
31036,
31794,
31061,
30187,
30312,
30040,
30120,
30144,
30643,
30728,
30677,
30512,
30512,
31410,
30606,
30215,
31019,
31833,
31833,
39817,
39825,
30506,
30215,
31401,
31303,
30350,
30064,
30161,
30907,
30338,
30339,
30286,
31210,
30115,
30907,
30531,
30157,
30907,
30363,
30560,
30030,
30559,
30324,
30605,
30060,
30328,
30650,
30132,
30152,
30701,
30533,
30329,
30740,
31558,
30809,
30519,
30533,
30533,
30512,
30312,
30336,
30523,
30907,
30678,
30040,
30310,
30630,
30350,
30510,
30318,
30268,
30268,
30368,
30368,
31008,
30909,
30078,
31516,
30755,
30331,
31788,
30312,
30024,
30114,
30904,
30809,
30813,
30907,
30087,
30809,
30809,
30809,
31794,
31794,
30602,
30534,
30534,
30534,
30268,
30809,
30809,
30114,
30633,
30548,
30058,
30319,
30312,
30909,
30257,
31643,
31019,
30662,
30319,
30319,
30165,
30188,
31525,
31763,
30582,
30815,
30546,
30341,
30040,
30540,
30084,
30512,
31217,
31534,
30907,
30817,
30677,
30327,
31061,
31032,
30341,
31411,
30233,
30528,
30004,
30076,
31407,
31030,
30171,
30084,
30739,
31328,
31822,
30620,
31405,
30564,
30268,
30213,
31302,
30567,
30132,
30512,
30183,
30621,
30022,
30337,
30707,
30467,
31763,
30701,
30701,
30529,
30317,
30662,
31510,
30605,
31401,
30312,
31027,
30030,
30534,
30522,
31811,
30519,
30043,
30141,
30678,
30650,
30512,
30701,
30701,
30030,
30728,
30054,
30655,
31021,
30813,
30312,
30513,
30701,
30701,
30701,
31019,
30054,
31061,
30277,
30040,
30314,
30012,
31419,
31405,
31774,
31831,
30655,
30306,
30327,
30115,
30132,
30143,
30504,
30650,
30155,
31510,
30607,
30327,
30683,
31714,
31714,
31714,
31714,
31406,
30033,
30064,
30808,
31558,
30067,
30327,
30605,
30188,
30135,
30650,
30093,
30014,
30003,
30120,
31730,
30121,
30125,
30153,
31779,
30701,
30115,
30030,
31622,
39817,
30701,
30458,
39837,
31783,
31513,
39825,
31513,
39817,
30030,
31512,
31519,
30701,
39813,
31765,
30458,
31768,
31749,
31779,
31622,
31698,
31622,
31622,
31606,
31606,
31622,
31836,
31622,
39819,
31634,
39817,
31021,
30104,
30025,
30606,
30269,
30318,
30175,
30701,
31635,
30512,
30286,
30114,
30605,
39845,
39845,
39845,
39826,
30161,
39826,
39826,
30512,
30650,
39826,
30533,
31021,
30735,
30735,
30735,
30735,
30477,
30143,
30314,
31409,
30097,
30434,
30553,
30541,
30230,
30113,
30513,
30650,
30228,
31650,
30307,
30044,
31650,
30317,
30102,
30308,
30577,
30730,
39817,
31825,
30056,
30120,
30533,
30450,
31092,
30513,
30805,
30553,
39845,
39813,
31709,
30161,
30528,
30625,
30076,
39870,
39862,
30322,
30301,
30322,
30028,
30336,
30701,
30252,
39845,
31006,
31006,
31006,
31006,
31006,
30030,
30833,
30030,
30030,
31525,
30308,
30522,
30549,
30605,
30650,
30625,
30650,
30663,
30606,
30680,
30033,
30124,
30124,
30542,
39842,
30909,
39813,
39845,
31012,
31533,
30030,
30260,
30030,
30303,
30547,
30735,
30735,
31091,
30165,
30518,
31504,
30062,
30328,
30560,
31046,
31092,
31092,
31501,
31501,
30306,
30747,
30126,
31768,
30318,
30318,
30747,
30318,
30327,
30529,
30312,
39837,
31650,
31328,
31328,
31410,
31328,
31328,
31328,
30322,
31601,
39842,
30547,
30721,
31092,
31021,
30318,
30016,
31709,
30034,
31057,
30680,
31328,
31406,
31328,
31410,
31328,
31328,
31404,
31405,
31328,
31404,
30080,
30248,
31021,
31902,
31626,
30453,
30329,
31021,
31328,
31328,
31410,
31328,
31405,
31410,
31419,
31328,
31328,
31405,
31406,
31419,
31328,
30068,
30307,
30605,
30144,
31063,
31833,
39813,
31046,
31513,
30736,
31406,
31328,
30276,
30513,
31709,
30328,
30306,
30309,
30233,
30024,
30024,
31006,
30317,
31779,
30607,
31815,
30062,
30319,
30540,
30677,
30534,
30306,
30137,
30506,
30655,
30605,
30313,
30071,
30536,
30071,
30655,
30680,
30680,
31401,
31410,
31410,
31405,
31401,
31410,
31401,
31328,
31328,
31328,
31401,
31328,
31404,
31328,
31406,
31328,
31401,
31410,
31405,
31328,
31328,
31401,
31328,
31411,
31328,
31328,
31328,
31328,
31410,
31410,
39817,
31539,
31006,
31525,
30188,
31087,
30002,
30039,
30032,
30101,
30307,
30307,
30306,
30721,
30606,
30453,
30268,
30269,
30677,
30607,
39846,
30329,
30606,
30655,
30650,
30605,
30605,
31406,
30606,
30606,
31401,
30646,
30019,
31650,
30188,
30605,
30629,
30605,
30328,
30606,
30265,
30265,
30265,
30601,
30350,
30350,
30642,
31069,
31024,
31001,
30683,
30605,
31768,
30607,
30607,
30629,
30607,
30601,
30668,
30607,
30008,
30643,
30605,
30601,
30114,
30066,
30316,
31001,
30683,
30683,
31523,
30606,
30606,
31049,
30605,
30607,
30607,
30605,
30306,
31565,
30607,
30633,
30683,
30607,
30606,
30601,
31803,
30677,
30606,
30606,
30328,
30606,
30605,
31803,
39837,
30153,
30606,
30605,
30606,
30622,
30628,
30605,
30817,
30683,
30606,
30315,
30605,
30606,
31794,
30677,
30605,
30041,
30606,
31061,
30606,
31510,
30601,
30606,
30606,
30601,
31092,
30601,
30337,
31061,
30817,
30633,
30824,
30286,
30286,
31558,
39837,
30286,
30286,
39817,
30318,
31096,
31001,
31902,
30076,
31601,
31210,
30601,
30047,
30324,
31901,
30605,
30606,
30606,
31542,
31415,
30605,
31707,
31326,
39837,
39837,
30538,
31516,
30268,
30677,
30824,
30683,
30530,
30161,
30013,
30121,
30066,
31006,
39817,
31401,
30269,
30269,
31201,
31606,
30141,
31836,
31405,
30125,
30340,
30307,
30601,
31021,
31314,
30683,
31539,
30217,
31503,
30830,
30439,
31006,
31006,
30116,
30125,
30605,
30680,
30030,
30030,
30116,
30648,
30002,
30030,
30030,
30307,
30030,
30322,
30030,
30260,
30705,
30030,
30340,
31780,
30030,
30319,
30701,
30536,
30340,
30030,
30605,
30341,
30030,
30030,
30021,
30817,
31513,
30329,
30033,
30033,
30318,
30318,
31763,
30030,
30058,
30605,
30030,
31643,
30125,
30030,
30030,
30110,
30030,
30030,
30340,
30318,
30030,
30030,
30030,
30030,
30320,
31906,
30030,
30340,
31822,
30601,
30030,
30030,
30317,
31021,
30601,
31836,
30307,
30342,
31768,
31601,
31601,
31606,
30132,
30442,
30442,
30442,
30307,
30033,
30030,
30341,
30030,
30619,
31061,
30097,
30030,
30350,
30030,
30104,
30307,
30534,
30345,
30315,
31061,
30032,
30345,
30043,
31068,
30813,
30417,
30907,
30213,
30043,
30643,
30453,
39842,
31018,
30528,
30338,
30317,
30030,
30030,
30307,
30030,
30030,
30030,
30030,
30307,
30121,
30030,
30030,
30030,
30030,
30030,
30030,
30307,
30021,
30030,
30316,
30307,
30307,
30309,
30002,
30030,
30317,
30068,
30168,
30030,
30030,
30030,
30030,
30339,
30306,
30268,
30810,
30017,
